pedido_id,data,vendedor,categoria,valor,status
1,2025-12-20,Carlos,Eletrônicos,255.12,Cancelado
2,2026-06-05,Ana,Livros,1323.13,Concluído
3,2025-08-09,Julia,Casa,415.37,Concluído
4,2026-03-20,Maria,Eletrônicos,796.31,Cancelado
5,2025-09-23,Pedro,Beleza,625.78,Concluído
6,2025-07-05,Carlos,Casa,1318.83,Concluído
7,2026-02-17,Pedro,Beleza,42.98,Concluído
8,2025-07-18,Ana,Roupas,631.12,Em andamento
9,2025-06-23,Maria,Esportes,1134.86,Concluído
10,2026-02-11,Maria,Beleza,567.74,Cancelado
11,2025-11-24,Maria,Casa,456.3,Cancelado
12,2026-05-26,Maria,Eletrônicos,535.91,Cancelado
13,2026-02-10,Julia,Livros,929.84,Concluído
14,2026-04-22,Ana,Casa,1062.27,Concluído
15,2025-12-09,Carlos,Eletrônicos,1076.15,Concluído
16,2025-10-31,Maria,Livros,1478.72,Concluído
17,2025-09-16,Carlos,Beleza,166.43,Concluído
18,2025-06-22,Pedro,Eletrônicos,627.79,Concluído
19,2025-10-21,Carlos,Casa,1482.61,Concluído
20,2025-07-14,João,Livros,224.27,Concluído
21,2026-01-10,Ana,Beleza,759.97,Concluído
22,2026-03-12,Pedro,Beleza,603.13,Concluído
23,2025-11-15,Carlos,Eletrônicos,1325.16,Cancelado
24,2025-08-08,Maria,Esportes,451.87,Concluído
25,2026-03-02,Maria,Casa,115.88,Concluído
26,2025-06-29,João,Roupas,1102.42,Concluído
27,2025-10-27,Pedro,Livros,172.59,Concluído
28,2026-05-04,Maria,Eletrônicos,180.37,Concluído
29,2026-05-02,João,Esportes,1133.26,Concluído
30,2025-08-03,Carlos,Beleza,691.3,Cancelado
31,2026-05-19,Pedro,Roupas,927.47,Cancelado
32,2026-03-20,Julia,Beleza,1060.91,Concluído
33,2025-12-12,Ana,Eletrônicos,1187.99,Concluído
34,2026-05-05,Ana,Livros,495.74,Em andamento
35,2026-06-06,João,Esportes,662.74,Concluído
36,2025-11-24,Carlos,Esportes,1292.78,Concluído
37,2026-05-23,Maria,Livros,903.89,Cancelado
38,2026-04-16,Pedro,Eletrônicos,824.96,Concluído
39,2026-01-19,Maria,Roupas,88.56,Cancelado
40,2025-09-15,Ana,Livros,602.8,Concluído
41,2026-05-03,Julia,Casa,711.04,Concluído
42,2026-03-31,Ana,Beleza,409.35,Concluído
43,2025-12-10,Ana,Eletrônicos,1348.7,Concluído
44,2026-03-10,Ana,Casa,1115.49,Concluído
45,2025-11-22,Maria,Roupas,1448.96,Concluído
46,2026-04-29,Julia,Casa,1302.16,Concluído
47,2025-12-17,João,Roupas,128.06,Concluído
48,2026-03-07,Ana,Roupas,646.09,Concluído
49,2025-09-15,Pedro,Roupas,1034.65,Concluído
50,2026-01-19,João,Casa,1057.88,Concluído
51,2025-09-07,Maria,Beleza,868.13,Concluído
52,2025-07-06,Ana,Esportes,1236.75,Em andamento
53,2025-07-21,Julia,Roupas,539.25,Concluído
54,2025-10-14,Julia,Livros,379.82,Cancelado
55,2026-05-29,Pedro,Eletrônicos,1227.16,Cancelado
56,2026-04-28,Carlos,Casa,442.19,Concluído
57,2025-06-26,Ana,Eletrônicos,510.73,Concluído
58,2026-03-08,Pedro,Roupas,706.11,Cancelado
59,2025-12-02,Carlos,Esportes,1284.6,Concluído
60,2026-02-25,Carlos,Esportes,90.84,Concluído
61,2025-09-27,Julia,Roupas,378.93,Em andamento
62,2025-10-17,Julia,Esportes,1400.96,Concluído
63,2026-01-27,Maria,Eletrônicos,1364.18,Concluído
64,2026-01-13,João,Esportes,1264.15,Concluído
65,2026-04-14,Ana,Casa,204.61,Cancelado
66,2025-07-19,Julia,Roupas,1282.91,Concluído
67,2025-07-18,Julia,Eletrônicos,915.61,Concluído
68,2025-07-30,Julia,Esportes,686.87,Concluído
69,2026-04-15,João,Eletrônicos,481.48,Concluído
70,2025-11-18,Ana,Casa,184.38,Concluído
71,2026-06-01,Julia,Livros,453.49,Cancelado
72,2026-03-28,Maria,Eletrônicos,284.06,Concluído
73,2026-03-31,Maria,Beleza,1333.14,Em andamento
74,2025-11-29,Maria,Beleza,474.75,Concluído
75,2025-07-05,Julia,Roupas,153.25,Em andamento
76,2025-12-25,Carlos,Casa,756.67,Concluído
77,2025-10-24,João,Roupas,444.27,Concluído
78,2025-09-26,Carlos,Casa,954.56,Cancelado
79,2025-07-18,João,Livros,1163.52,Concluído
80,2026-05-15,Pedro,Esportes,437.1,Cancelado
81,2026-05-06,Maria,Livros,1334.08,Concluído
82,2026-02-15,Pedro,Casa,894.94,Cancelado
83,2026-05-27,Maria,Livros,1435.19,Em andamento
84,2025-07-24,Julia,Roupas,211.51,Em andamento
85,2025-11-13,Ana,Beleza,861.46,Concluído
86,2026-01-11,Julia,Casa,1087.89,Concluído
87,2025-06-28,Julia,Esportes,250.59,Cancelado
88,2026-01-03,Pedro,Casa,225.86,Concluído
89,2026-01-15,João,Roupas,604.87,Concluído
90,2026-04-16,Pedro,Eletrônicos,1216.27,Cancelado
91,2025-06-16,Carlos,Livros,197.62,Concluído
92,2026-05-16,Julia,Eletrônicos,284.83,Concluído
93,2025-06-20,João,Beleza,163.54,Cancelado
94,2026-01-01,Ana,Eletrônicos,62.4,Concluído
95,2025-08-26,Julia,Livros,1183.63,Concluído
96,2025-06-27,Ana,Beleza,222.07,Concluído
97,2026-04-25,Carlos,Casa,1275.41,Concluído
98,2025-12-07,Julia,Eletrônicos,983.45,Cancelado
99,2026-03-23,Maria,Livros,352.51,Em andamento
100,2025-07-25,Carlos,Esportes,666.45,Concluído
101,2026-01-20,Julia,Esportes,947.93,Cancelado
102,2026-01-21,Maria,Casa,804.18,Concluído
103,2025-10-16,João,Roupas,882.75,Em andamento
104,2026-02-11,João,Eletrônicos,1235.19,Cancelado
105,2026-02-25,Julia,Esportes,1019.56,Concluído
106,2025-10-31,João,Casa,1075.74,Concluído
107,2025-12-12,Maria,Casa,899.79,Concluído
108,2025-12-13,João,Eletrônicos,1162.78,Concluído
109,2026-01-20,Carlos,Livros,1201.4,Cancelado
110,2025-07-23,Carlos,Casa,314.39,Concluído
111,2026-02-28,Ana,Beleza,414.64,Concluído
112,2026-04-12,Ana,Eletrônicos,1293.92,Concluído
113,2025-11-01,Pedro,Beleza,1255.91,Concluído
114,2025-08-18,Maria,Esportes,780.77,Concluído
115,2025-08-24,Maria,Livros,1428.05,Concluído
116,2025-06-17,Pedro,Beleza,710.56,Concluído
117,2025-12-21,João,Roupas,1107.71,Concluído
118,2026-03-09,Julia,Roupas,591.93,Concluído
119,2026-03-26,Ana,Esportes,1008.09,Concluído
120,2026-04-02,João,Roupas,842.54,Cancelado
121,2026-05-08,Ana,Casa,1198.6,Concluído
122,2025-09-12,Pedro,Livros,773.51,Cancelado
123,2025-09-27,Maria,Esportes,616.64,Concluído
124,2026-01-27,Julia,Casa,756.01,Cancelado
125,2025-11-15,Carlos,Roupas,359.07,Concluído
126,2026-01-03,João,Eletrônicos,1418.47,Cancelado
127,2026-05-01,Maria,Eletrônicos,217.75,Concluído
128,2026-02-26,João,Beleza,51.6,Em andamento
129,2026-03-04,Ana,Eletrônicos,296.3,Concluído
130,2026-01-29,Maria,Livros,1262.97,Concluído
131,2026-05-26,Pedro,Livros,674.69,Concluído
132,2026-03-22,Carlos,Casa,263.03,Concluído
133,2026-01-16,João,Roupas,498.8,Concluído
134,2025-07-30,Julia,Casa,827.9,Concluído
135,2025-06-27,Maria,Livros,862.18,Cancelado
136,2026-03-17,Maria,Livros,1410.34,Concluído
137,2025-08-26,Maria,Eletrônicos,1032.8,Concluído
138,2026-05-01,João,Casa,883.86,Concluído
139,2025-08-23,Pedro,Eletrônicos,82.1,Concluído
140,2026-03-24,Julia,Livros,294.47,Concluído
141,2025-06-28,Julia,Roupas,416.61,Em andamento
142,2025-08-13,João,Roupas,214.85,Concluído
143,2025-09-24,Ana,Roupas,1137.1,Concluído
144,2025-07-26,Maria,Eletrônicos,1153.82,Concluído
145,2025-08-14,João,Livros,46.35,Concluído
146,2025-06-11,João,Eletrônicos,484.46,Concluído
147,2026-04-07,Julia,Casa,650.25,Cancelado
148,2026-01-08,Carlos,Roupas,128.13,Concluído
149,2026-04-09,Julia,Livros,945.38,Concluído
150,2026-03-15,Pedro,Beleza,459.52,Concluído
151,2025-08-14,Julia,Eletrônicos,1375.2,Concluído
152,2026-03-02,Pedro,Beleza,660.13,Concluído
153,2025-11-17,Ana,Beleza,1367.91,Concluído
154,2025-12-05,Julia,Casa,816.13,Concluído
155,2025-07-09,Pedro,Livros,329.92,Cancelado
156,2025-09-12,Carlos,Roupas,527.92,Concluído
157,2025-09-26,João,Eletrônicos,645.18,Concluído
158,2025-09-26,Julia,Eletrônicos,366.84,Cancelado
159,2026-04-07,Ana,Eletrônicos,326.84,Concluído
160,2025-09-17,Maria,Eletrônicos,679.55,Concluído
161,2026-04-10,João,Roupas,1044.24,Concluído
162,2025-12-02,Maria,Esportes,689.16,Concluído
163,2025-08-04,Ana,Esportes,1143.49,Concluído
164,2026-02-28,Maria,Livros,1350.28,Concluído
165,2026-04-07,Maria,Eletrônicos,116.25,Concluído
166,2025-12-11,Julia,Casa,270.06,Cancelado
167,2026-05-02,Julia,Beleza,667.92,Concluído
168,2026-03-13,Julia,Eletrônicos,1289.76,Concluído
169,2026-01-28,Ana,Roupas,1072.14,Concluído
170,2026-06-06,Ana,Eletrônicos,45.65,Concluído
171,2025-06-27,Maria,Eletrônicos,335.48,Cancelado
172,2026-03-14,Pedro,Beleza,715.75,Cancelado
173,2025-08-22,Carlos,Casa,859.34,Em andamento
174,2025-11-15,Maria,Eletrônicos,204.26,Concluído
175,2026-05-20,Julia,Eletrônicos,200.46,Concluído
176,2025-06-15,Maria,Casa,578.54,Concluído
177,2026-06-07,Carlos,Roupas,1027.94,Concluído
178,2025-06-13,Pedro,Eletrônicos,246.73,Concluído
179,2025-07-29,Julia,Roupas,1143.37,Concluído
180,2026-03-30,Julia,Roupas,1252.55,Concluído
181,2025-07-11,Julia,Casa,48.42,Concluído
182,2025-11-04,Carlos,Eletrônicos,1265.93,Concluído
183,2025-11-21,Pedro,Eletrônicos,1058.12,Cancelado
184,2025-12-04,Maria,Livros,55.4,Concluído
185,2026-05-11,Julia,Casa,810.68,Cancelado
186,2026-03-04,Ana,Beleza,736.19,Concluído
187,2026-04-29,Maria,Esportes,244.25,Cancelado
188,2026-03-18,João,Esportes,1453.5,Cancelado
189,2026-04-13,Julia,Casa,137.02,Concluído
190,2026-01-23,Pedro,Esportes,1125.16,Concluído
191,2025-09-19,Julia,Livros,460.95,Cancelado
192,2025-10-20,Ana,Roupas,1243.19,Concluído
193,2026-04-24,Julia,Eletrônicos,1282.81,Concluído
194,2025-07-09,Ana,Casa,279.56,Cancelado
195,2025-07-20,Maria,Casa,1118.41,Concluído
196,2025-06-27,Julia,Beleza,703.82,Concluído
197,2026-04-24,Pedro,Esportes,563.04,Concluído
198,2025-06-11,João,Casa,115.91,Concluído
199,2026-05-26,Carlos,Casa,424.06,Concluído
200,2026-03-15,João,Livros,361.44,Em andamento
201,2025-11-29,Ana,Livros,994.47,Concluído
202,2025-07-15,Pedro,Casa,1032.94,Concluído
203,2025-11-04,Ana,Esportes,320.65,Cancelado
204,2026-05-08,João,Roupas,733.83,Concluído
205,2026-05-04,Pedro,Casa,621.29,Concluído
206,2026-01-22,Maria,Esportes,122.88,Concluído
207,2025-08-14,João,Casa,487.24,Concluído
208,2026-04-06,Pedro,Livros,926.96,Concluído
209,2025-10-10,Pedro,Eletrônicos,236.49,Concluído
210,2026-03-20,Carlos,Eletrônicos,78.16,Concluído
211,2025-09-01,Pedro,Eletrônicos,1195.38,Cancelado
212,2026-02-04,Pedro,Casa,182.84,Concluído
213,2025-11-12,Maria,Livros,709.45,Concluído
214,2026-02-09,João,Eletrônicos,657.87,Cancelado
215,2025-08-02,Carlos,Beleza,1486.18,Concluído
216,2025-12-30,Ana,Eletrônicos,802.34,Concluído
217,2025-10-24,João,Esportes,310.62,Concluído
218,2025-10-29,João,Esportes,472.88,Concluído
219,2026-02-25,Pedro,Beleza,773.69,Concluído
220,2025-08-13,João,Eletrônicos,1096.01,Concluído
221,2025-07-28,Ana,Casa,396.46,Concluído
222,2026-05-22,Julia,Roupas,523.11,Cancelado
223,2026-03-02,Ana,Eletrônicos,261.18,Em andamento
224,2026-05-09,Ana,Esportes,494.74,Concluído
225,2025-06-14,João,Eletrônicos,892.67,Cancelado
226,2025-07-18,Ana,Eletrônicos,765.6,Concluído
227,2025-08-08,Ana,Livros,787.56,Concluído
228,2025-07-08,Maria,Roupas,1064.84,Em andamento
229,2025-09-01,Julia,Beleza,183.09,Concluído
230,2025-11-19,Ana,Esportes,34.5,Concluído
231,2026-05-24,Carlos,Esportes,1007.06,Concluído
232,2025-07-17,Maria,Livros,521.24,Concluído
233,2025-10-14,Ana,Esportes,290.91,Cancelado
234,2026-01-20,João,Casa,1375.12,Concluído
235,2026-05-24,Maria,Livros,417.87,Concluído
236,2026-03-19,Carlos,Casa,1449.05,Concluído
237,2026-02-08,Ana,Livros,850.42,Concluído
238,2026-03-04,Maria,Esportes,841.07,Concluído
239,2025-10-30,João,Beleza,975.12,Concluído
240,2025-06-11,João,Casa,1436.16,Concluído
241,2025-09-20,Ana,Casa,985.87,Concluído
242,2026-06-09,Maria,Esportes,536.48,Concluído
243,2025-08-21,Pedro,Esportes,147.68,Concluído
244,2025-10-17,Pedro,Casa,564.55,Concluído
245,2026-01-05,Pedro,Roupas,508.05,Concluído
246,2025-08-25,Carlos,Eletrônicos,508.77,Concluído
247,2026-05-19,João,Beleza,1088.68,Concluído
248,2026-03-15,João,Casa,555.18,Concluído
249,2026-02-20,Pedro,Beleza,87.32,Concluído
250,2025-07-14,Ana,Esportes,961.04,Em andamento
251,2026-05-23,Julia,Casa,105.77,Concluído
252,2026-04-28,Pedro,Roupas,82.38,Cancelado
253,2025-11-22,João,Eletrônicos,751.91,Concluído
254,2026-03-16,Pedro,Roupas,142.53,Cancelado
255,2025-12-01,Julia,Casa,596.65,Concluído
256,2025-10-20,Carlos,Livros,350.81,Concluído
257,2026-01-19,Julia,Esportes,280.96,Concluído
258,2025-11-23,Ana,Beleza,320.09,Concluído
259,2026-04-20,Julia,Beleza,256.16,Concluído
260,2026-05-31,Julia,Esportes,1425.95,Cancelado
261,2026-04-05,Carlos,Esportes,464.45,Cancelado
262,2025-12-01,Ana,Esportes,703.03,Concluído
263,2025-06-14,Maria,Roupas,625.14,Concluído
264,2026-02-10,Ana,Beleza,1124.4,Concluído
265,2026-04-15,João,Eletrônicos,785.68,Em andamento
266,2025-10-17,Julia,Esportes,1231.64,Em andamento
267,2026-04-04,Julia,Livros,680.93,Concluído
268,2025-07-11,Carlos,Eletrônicos,1421.16,Concluído
269,2025-09-28,João,Livros,226.2,Concluído
270,2025-06-23,Julia,Eletrônicos,713.0,Em andamento
271,2025-12-03,Pedro,Beleza,809.02,Concluído
272,2026-02-14,Julia,Roupas,305.99,Concluído
273,2025-08-25,Maria,Beleza,1195.95,Concluído
274,2026-01-20,João,Esportes,1431.07,Concluído
275,2025-12-04,Maria,Beleza,209.54,Cancelado
276,2025-12-02,Maria,Livros,638.0,Concluído
277,2026-03-22,Maria,Esportes,193.25,Concluído
278,2026-02-07,Maria,Esportes,463.52,Concluído
279,2025-12-22,Pedro,Eletrônicos,469.66,Cancelado
280,2025-09-14,Pedro,Livros,1247.75,Cancelado
281,2025-06-26,Pedro,Eletrônicos,442.34,Concluído
282,2025-11-29,Maria,Eletrônicos,186.87,Cancelado
283,2026-03-13,Maria,Roupas,1313.54,Concluído
284,2025-06-12,Carlos,Roupas,351.17,Em andamento
285,2026-05-14,Maria,Eletrônicos,836.05,Cancelado
286,2025-06-10,João,Beleza,1094.26,Concluído
287,2025-12-02,Julia,Roupas,66.89,Concluído
288,2025-11-10,Julia,Casa,357.8,Concluído
289,2026-01-06,Julia,Livros,437.91,Concluído
290,2025-10-24,Maria,Eletrônicos,326.2,Cancelado
291,2025-10-24,Carlos,Eletrônicos,983.84,Concluído
292,2026-02-23,Maria,Roupas,1355.0,Concluído
293,2026-02-11,Pedro,Livros,364.44,Concluído
294,2025-09-12,Julia,Livros,510.8,Em andamento
295,2026-05-14,Maria,Beleza,1009.47,Concluído
296,2025-09-04,Ana,Roupas,1123.69,Concluído
297,2026-01-04,Julia,Casa,539.31,Concluído
298,2025-08-11,Julia,Roupas,416.95,Concluído
299,2026-01-27,Carlos,Beleza,39.68,Concluído
300,2026-02-28,Ana,Roupas,1302.97,Concluído
301,2026-02-05,Pedro,Eletrônicos,347.23,Concluído
302,2026-03-21,João,Esportes,311.67,Concluído
303,2025-07-20,Maria,Esportes,1067.09,Concluído
304,2026-02-27,Maria,Esportes,113.19,Concluído
305,2025-08-28,Pedro,Eletrônicos,210.24,Cancelado
306,2025-09-18,Ana,Eletrônicos,920.05,Concluído
307,2026-04-30,Ana,Eletrônicos,1281.97,Concluído
308,2025-10-26,João,Casa,585.54,Concluído
309,2025-10-29,Ana,Esportes,961.6,Concluído
310,2025-09-29,João,Roupas,677.84,Concluído
311,2026-05-11,Julia,Livros,271.11,Concluído
312,2025-12-21,João,Eletrônicos,1054.1,Concluído
313,2026-04-29,Carlos,Beleza,1441.28,Concluído
314,2025-08-23,Maria,Livros,505.04,Concluído
315,2025-09-01,Ana,Eletrônicos,101.73,Concluído
316,2025-09-28,Carlos,Roupas,1001.69,Concluído
317,2026-02-24,Maria,Livros,1385.6,Concluído
318,2026-01-15,Carlos,Roupas,198.06,Concluído
319,2025-10-09,Maria,Beleza,870.26,Concluído
320,2026-06-04,Julia,Eletrônicos,928.03,Concluído
321,2025-09-13,João,Casa,1000.61,Concluído
322,2026-06-10,Carlos,Beleza,75.61,Concluído
323,2026-04-26,João,Esportes,490.44,Cancelado
324,2025-10-15,Julia,Eletrônicos,666.7,Concluído
325,2026-05-10,João,Eletrônicos,188.79,Cancelado
326,2026-05-21,João,Esportes,1046.55,Concluído
327,2025-08-18,Carlos,Casa,1147.65,Concluído
328,2025-10-27,Pedro,Esportes,261.54,Concluído
329,2026-05-31,João,Esportes,804.92,Concluído
330,2025-07-06,Maria,Esportes,339.46,Concluído
331,2025-09-12,Ana,Eletrônicos,1428.28,Cancelado
332,2025-12-06,Pedro,Esportes,57.39,Concluído
333,2025-12-23,Julia,Beleza,52.12,Concluído
334,2025-12-23,Ana,Beleza,891.39,Concluído
335,2025-08-21,Maria,Casa,407.8,Concluído
336,2026-01-15,Julia,Eletrônicos,464.91,Cancelado
337,2025-09-05,Pedro,Eletrônicos,63.75,Cancelado
338,2026-01-28,João,Livros,1419.55,Cancelado
339,2025-12-19,Carlos,Eletrônicos,640.25,Concluído
340,2026-01-04,João,Roupas,412.19,Concluído
341,2025-07-03,Ana,Esportes,1067.96,Concluído
342,2025-12-30,Ana,Eletrônicos,473.24,Concluído
343,2026-01-22,Pedro,Beleza,731.82,Concluído
344,2026-03-14,Carlos,Roupas,67.33,Concluído
345,2025-08-27,Pedro,Eletrônicos,1201.35,Concluído
346,2025-06-20,Julia,Livros,163.28,Cancelado
347,2025-07-10,João,Beleza,1030.0,Em andamento
348,2026-06-02,Carlos,Livros,1319.13,Concluído
349,2025-11-10,Ana,Casa,1174.91,Concluído
350,2025-08-21,Ana,Roupas,877.76,Concluído
351,2026-05-26,Pedro,Casa,1064.8,Em andamento
352,2025-11-09,Julia,Roupas,982.05,Concluído
353,2026-05-06,Ana,Livros,1446.67,Cancelado
354,2025-09-12,João,Casa,198.26,Concluído
355,2025-09-21,Carlos,Esportes,122.66,Concluído
356,2026-05-20,Maria,Beleza,1043.08,Concluído
357,2025-11-21,Pedro,Livros,904.84,Cancelado
358,2026-03-06,Carlos,Esportes,825.41,Concluído
359,2025-11-29,Julia,Casa,1361.46,Cancelado
360,2026-05-24,Ana,Beleza,713.22,Concluído
361,2025-11-01,João,Livros,700.92,Concluído
362,2025-07-27,Pedro,Roupas,291.27,Concluído
363,2026-03-29,Pedro,Eletrônicos,1491.46,Concluído
364,2025-08-15,Maria,Beleza,35.35,Concluído
365,2025-09-30,João,Esportes,1023.13,Em andamento
366,2025-08-26,João,Casa,508.05,Em andamento
367,2026-01-06,Ana,Beleza,29.34,Concluído
368,2026-04-13,Carlos,Esportes,93.03,Em andamento
369,2025-08-17,Carlos,Casa,376.5,Em andamento
370,2026-01-21,Ana,Roupas,385.67,Concluído
371,2026-02-22,Carlos,Beleza,1482.15,Cancelado
372,2026-02-21,João,Roupas,739.18,Concluído
373,2026-01-29,Carlos,Roupas,427.29,Concluído
374,2026-01-20,Maria,Roupas,367.02,Concluído
375,2026-03-22,João,Eletrônicos,558.84,Concluído
376,2025-11-15,João,Eletrônicos,504.55,Concluído
377,2025-06-20,Julia,Livros,1176.0,Cancelado
378,2025-09-19,Julia,Eletrônicos,409.53,Concluído
379,2026-06-05,Carlos,Livros,943.81,Em andamento
380,2026-04-11,Ana,Eletrônicos,1373.57,Cancelado
381,2025-07-14,João,Livros,475.23,Concluído
382,2025-12-04,Julia,Livros,302.77,Concluído
383,2025-12-29,Carlos,Livros,881.71,Concluído
384,2025-10-28,Ana,Eletrônicos,432.47,Concluído
385,2026-04-03,Pedro,Eletrônicos,1300.7,Concluído
386,2025-09-30,Maria,Livros,82.72,Concluído
387,2025-11-06,Ana,Esportes,27.31,Concluído
388,2025-12-21,Julia,Beleza,100.15,Em andamento
389,2026-05-27,Julia,Roupas,125.9,Concluído
390,2025-11-01,Pedro,Casa,291.6,Concluído
391,2025-10-11,Pedro,Livros,856.48,Concluído
392,2025-09-08,Maria,Esportes,1332.11,Concluído
393,2025-06-22,Carlos,Livros,806.89,Concluído
394,2026-06-10,João,Esportes,1357.52,Concluído
395,2026-01-21,Julia,Casa,1161.83,Em andamento
396,2025-11-21,Pedro,Casa,1260.23,Concluído
397,2025-10-26,Carlos,Eletrônicos,776.24,Concluído
398,2026-04-10,Pedro,Livros,814.46,Concluído
399,2026-06-01,Ana,Beleza,674.79,Concluído
400,2025-06-28,Maria,Eletrônicos,473.82,Concluído
401,2025-09-23,Maria,Eletrônicos,1388.02,Concluído
402,2026-04-01,Ana,Roupas,82.74,Concluído
403,2025-08-14,Pedro,Eletrônicos,326.92,Concluído
404,2025-12-08,João,Casa,1284.94,Concluído
405,2025-12-29,Maria,Roupas,1354.36,Concluído
406,2025-06-25,Pedro,Casa,300.82,Concluído
407,2025-09-12,Ana,Roupas,468.59,Concluído
408,2026-05-24,Carlos,Beleza,972.94,Concluído
409,2026-02-13,Julia,Casa,864.45,Concluído
410,2026-05-27,Ana,Eletrônicos,918.27,Concluído
411,2026-04-13,Carlos,Beleza,184.99,Concluído
412,2025-09-12,Julia,Eletrônicos,1340.28,Concluído
413,2025-09-05,Julia,Beleza,1268.24,Concluído
414,2025-09-10,Julia,Eletrônicos,409.64,Cancelado
415,2025-12-07,João,Roupas,55.98,Concluído
416,2026-06-09,Maria,Beleza,479.95,Concluído
417,2026-03-20,Carlos,Casa,673.45,Concluído
418,2026-02-12,Julia,Eletrônicos,740.44,Em andamento
419,2025-08-04,Ana,Casa,584.49,Concluído
420,2025-12-31,Maria,Eletrônicos,823.59,Concluído
421,2026-05-29,Carlos,Beleza,150.93,Concluído
422,2026-04-12,Maria,Eletrônicos,1137.22,Concluído
423,2025-12-20,Carlos,Livros,436.57,Em andamento
424,2025-10-06,João,Beleza,1254.14,Concluído
425,2025-08-22,Ana,Livros,1231.94,Cancelado
426,2025-08-13,Julia,Livros,1006.39,Cancelado
427,2026-01-05,Ana,Roupas,141.85,Concluído
428,2025-10-05,Pedro,Beleza,735.01,Concluído
429,2026-01-09,Carlos,Eletrônicos,1051.79,Cancelado
430,2025-10-01,Maria,Livros,530.2,Concluído
431,2025-07-20,Ana,Livros,1132.43,Em andamento
432,2026-02-20,João,Esportes,885.97,Concluído
433,2025-09-07,Julia,Esportes,390.91,Cancelado
434,2026-06-03,Ana,Esportes,1183.62,Concluído
435,2026-01-17,Carlos,Beleza,317.71,Concluído
436,2026-04-25,Maria,Casa,499.24,Concluído
437,2026-05-26,Carlos,Eletrônicos,930.39,Em andamento
438,2026-06-10,Maria,Roupas,1065.76,Concluído
439,2025-10-12,Carlos,Livros,1176.09,Em andamento
440,2025-12-19,Julia,Esportes,1237.68,Concluído
441,2025-09-12,Carlos,Roupas,903.52,Concluído
442,2025-12-02,Carlos,Beleza,215.29,Concluído
443,2025-07-12,Julia,Eletrônicos,66.49,Concluído
444,2025-11-01,Carlos,Beleza,1061.03,Concluído
445,2026-01-09,João,Eletrônicos,289.4,Em andamento
446,2025-10-12,Carlos,Eletrônicos,48.54,Cancelado
447,2025-10-11,Pedro,Esportes,707.93,Cancelado
448,2025-09-10,João,Livros,1316.94,Concluído
449,2025-10-23,Carlos,Casa,559.59,Concluído
450,2026-05-15,Pedro,Eletrônicos,1255.09,Em andamento
451,2025-07-11,Ana,Roupas,1486.95,Cancelado
452,2025-10-10,Carlos,Esportes,739.51,Concluído
453,2025-07-05,Pedro,Beleza,1068.29,Concluído
454,2026-02-07,Carlos,Roupas,165.23,Em andamento
455,2026-03-16,João,Esportes,1123.74,Concluído
456,2025-08-06,Ana,Esportes,505.74,Concluído
457,2026-01-11,João,Eletrônicos,980.36,Concluído
458,2026-05-30,Maria,Roupas,1408.97,Concluído
459,2026-06-02,João,Eletrônicos,308.29,Cancelado
460,2025-08-12,João,Casa,669.19,Concluído
461,2025-12-24,Maria,Livros,702.67,Cancelado
462,2025-12-18,Julia,Casa,834.26,Concluído
463,2026-02-28,Ana,Eletrônicos,905.93,Cancelado
464,2026-02-20,Maria,Esportes,1166.4,Concluído
465,2025-08-03,João,Beleza,315.37,Concluído
466,2025-08-26,Ana,Casa,1237.03,Cancelado
467,2025-12-21,Maria,Livros,425.01,Concluído
468,2025-06-15,Ana,Esportes,818.49,Cancelado
469,2026-05-06,Pedro,Beleza,1427.65,Concluído
470,2026-04-23,João,Esportes,1216.93,Concluído
471,2026-02-09,Pedro,Roupas,816.86,Concluído
472,2026-03-03,Pedro,Beleza,1318.66,Cancelado
473,2025-08-07,Maria,Beleza,453.74,Concluído
474,2025-10-31,Carlos,Roupas,1311.98,Concluído
475,2025-08-15,Julia,Esportes,466.2,Em andamento
476,2026-01-17,Julia,Esportes,790.66,Concluído
477,2025-06-17,Julia,Casa,1441.55,Concluído
478,2026-02-25,Julia,Casa,992.59,Cancelado
479,2025-10-26,Julia,Livros,1102.47,Concluído
480,2026-03-10,Julia,Casa,453.57,Concluído
481,2025-06-25,Maria,Esportes,1155.21,Concluído
482,2026-04-29,João,Beleza,1212.93,Concluído
483,2025-10-09,João,Roupas,550.25,Concluído
484,2026-01-14,Carlos,Livros,796.78,Concluído
485,2026-05-24,Carlos,Eletrônicos,821.88,Concluído
486,2026-04-09,Julia,Livros,316.7,Concluído
487,2026-02-25,Pedro,Roupas,1128.55,Concluído
488,2025-09-14,Carlos,Esportes,947.87,Concluído
489,2025-12-28,Julia,Esportes,1282.82,Concluído
490,2025-07-07,Maria,Livros,248.49,Cancelado
491,2025-09-01,João,Esportes,586.71,Cancelado
492,2025-12-05,Maria,Esportes,269.55,Concluído
493,2026-02-22,João,Casa,723.14,Concluído
494,2026-01-21,Carlos,Roupas,1451.98,Concluído
495,2026-02-26,Maria,Esportes,1470.45,Concluído
496,2025-09-28,João,Eletrônicos,655.71,Concluído
497,2025-10-03,Carlos,Esportes,678.65,Concluído
498,2026-05-12,Julia,Eletrônicos,1003.76,Em andamento
499,2025-10-02,João,Esportes,693.57,Cancelado
500,2026-03-27,Ana,Casa,691.95,Concluído
501,2025-07-03,Maria,Livros,768.82,Concluído
502,2025-10-07,Carlos,Roupas,609.48,Em andamento
503,2026-05-27,Julia,Casa,1146.2,Concluído
504,2026-04-01,Ana,Beleza,231.69,Em andamento
505,2025-10-02,Ana,Eletrônicos,354.26,Concluído
506,2025-07-31,João,Esportes,1462.21,Concluído
507,2026-04-02,Pedro,Livros,589.59,Concluído
508,2026-04-12,Julia,Roupas,1020.49,Cancelado
509,2026-01-25,João,Livros,263.89,Concluído
510,2026-01-18,João,Roupas,775.36,Concluído
511,2025-12-13,João,Livros,1391.97,Concluído
512,2025-09-03,Ana,Beleza,97.12,Cancelado
513,2026-05-27,Julia,Casa,47.01,Cancelado
514,2025-08-13,Maria,Casa,1043.68,Cancelado
515,2025-11-13,Ana,Roupas,251.19,Em andamento
516,2025-06-22,Carlos,Livros,606.22,Concluído
517,2025-09-13,Pedro,Roupas,1443.04,Cancelado
518,2025-07-19,João,Casa,1079.85,Cancelado
519,2026-04-01,João,Livros,887.29,Concluído
520,2026-04-02,Carlos,Casa,1335.16,Concluído
521,2025-10-15,Julia,Esportes,1107.5,Concluído
522,2025-06-24,Carlos,Casa,359.16,Cancelado
523,2026-03-21,Julia,Roupas,986.14,Concluído
524,2026-05-28,Carlos,Eletrônicos,828.81,Concluído
525,2026-05-03,Julia,Esportes,725.35,Concluído
526,2025-11-08,Julia,Casa,82.69,Concluído
527,2025-09-09,João,Eletrônicos,1312.84,Concluído
528,2025-08-27,João,Roupas,822.16,Concluído
529,2026-06-04,Pedro,Casa,651.65,Concluído
530,2026-05-21,Pedro,Livros,879.73,Em andamento
531,2026-01-23,Carlos,Roupas,1073.93,Concluído
532,2025-10-19,Maria,Livros,956.51,Concluído
533,2025-09-27,Carlos,Eletrônicos,35.24,Concluído
534,2025-10-28,Maria,Roupas,211.58,Em andamento
535,2026-01-31,Ana,Eletrônicos,595.57,Cancelado
536,2025-08-13,João,Beleza,518.93,Em andamento
537,2026-02-25,Carlos,Roupas,534.72,Concluído
538,2025-09-20,Carlos,Beleza,618.27,Concluído
539,2026-01-21,Pedro,Esportes,712.04,Cancelado
540,2026-05-21,Julia,Beleza,767.19,Concluído
541,2026-01-27,Carlos,Livros,979.04,Concluído
542,2025-10-05,Julia,Esportes,980.1,Concluído
543,2026-04-15,Julia,Casa,73.83,Concluído
544,2026-04-03,Julia,Esportes,847.78,Concluído
545,2026-05-03,Julia,Casa,211.3,Concluído
546,2025-06-22,Ana,Roupas,22.64,Em andamento
547,2025-09-20,Pedro,Roupas,1102.15,Concluído
548,2025-12-20,Pedro,Casa,423.57,Cancelado
549,2025-11-17,João,Roupas,664.12,Em andamento
550,2025-09-14,Julia,Casa,710.45,Concluído
551,2025-07-12,Ana,Beleza,556.1,Concluído
552,2025-06-13,Ana,Eletrônicos,536.47,Cancelado
553,2026-02-19,Maria,Eletrônicos,899.46,Concluído
554,2025-12-03,Ana,Livros,1202.28,Concluído
555,2025-07-12,Ana,Roupas,416.62,Concluído
556,2025-06-15,Julia,Roupas,111.33,Concluído
557,2025-06-11,Pedro,Beleza,826.52,Concluído
558,2025-12-27,João,Livros,1292.82,Concluído
559,2026-02-14,João,Esportes,957.73,Concluído
560,2025-10-25,João,Casa,605.89,Concluído
561,2026-01-18,Ana,Esportes,613.05,Concluído
562,2025-09-25,Maria,Livros,1368.82,Concluído
563,2025-11-15,Julia,Esportes,957.74,Concluído
564,2026-05-11,Maria,Eletrônicos,429.72,Concluído
565,2026-03-15,Carlos,Roupas,866.02,Cancelado
566,2025-06-14,Julia,Livros,564.34,Concluído
567,2025-09-21,Maria,Livros,743.42,Concluído
568,2026-03-08,Carlos,Esportes,138.19,Concluído
569,2025-07-16,Carlos,Casa,1056.69,Concluído
570,2025-06-10,Pedro,Casa,390.98,Concluído
571,2026-02-04,Pedro,Livros,38.22,Concluído
572,2026-05-31,Pedro,Esportes,685.34,Concluído
573,2025-11-16,Julia,Beleza,1333.61,Concluído
574,2026-02-14,Ana,Casa,719.06,Concluído
575,2026-01-21,Carlos,Roupas,419.19,Concluído
576,2026-01-04,Pedro,Beleza,79.81,Concluído
577,2026-04-21,Julia,Roupas,1476.72,Em andamento
578,2026-03-01,Maria,Esportes,1166.95,Concluído
579,2025-09-09,Ana,Casa,1146.15,Em andamento
580,2025-08-11,Ana,Roupas,598.09,Concluído
581,2026-05-29,João,Casa,439.45,Concluído
582,2026-04-19,Julia,Eletrônicos,1238.23,Em andamento
583,2026-01-11,Ana,Esportes,471.94,Cancelado
584,2025-07-17,Julia,Beleza,510.65,Concluído
585,2026-03-10,Julia,Livros,771.56,Concluído
586,2025-12-10,Ana,Beleza,1145.57,Concluído
587,2025-11-04,João,Roupas,639.8,Concluído
588,2025-11-24,Pedro,Casa,517.18,Concluído
589,2025-06-19,Julia,Roupas,486.75,Concluído
590,2025-08-27,Pedro,Eletrônicos,1244.48,Concluído
591,2026-04-06,Ana,Casa,909.9,Concluído
592,2025-06-22,Julia,Beleza,631.96,Cancelado
593,2026-02-09,Carlos,Eletrônicos,1120.42,Em andamento
594,2026-01-31,Ana,Casa,893.65,Em andamento
595,2026-05-17,Julia,Beleza,1054.93,Em andamento
596,2026-04-08,Pedro,Eletrônicos,899.77,Concluído
597,2025-07-24,João,Livros,1330.68,Concluído
598,2025-10-25,Julia,Beleza,1471.26,Cancelado
599,2025-07-15,Ana,Roupas,408.86,Concluído
600,2026-03-21,Ana,Livros,803.81,Concluído
601,2025-07-14,Pedro,Eletrônicos,705.12,Concluído
602,2026-03-27,João,Livros,603.66,Cancelado
603,2025-12-14,Maria,Roupas,139.48,Concluído
604,2026-04-24,Carlos,Casa,1397.65,Concluído
605,2025-10-18,Ana,Eletrônicos,523.15,Cancelado
606,2025-09-17,Carlos,Casa,158.76,Em andamento
607,2025-08-03,Pedro,Roupas,1267.36,Cancelado
608,2026-02-17,Carlos,Casa,660.52,Concluído
609,2026-01-28,Ana,Esportes,595.57,Concluído
610,2025-09-30,João,Esportes,1350.2,Concluído
611,2025-11-18,João,Livros,321.89,Concluído
612,2025-06-23,Pedro,Eletrônicos,1398.49,Cancelado
613,2026-02-08,Julia,Casa,63.18,Em andamento
614,2025-09-02,Maria,Casa,755.39,Concluído
615,2025-08-15,Julia,Esportes,352.0,Em andamento
616,2026-04-29,Carlos,Eletrônicos,1149.0,Concluído
617,2026-04-22,Ana,Beleza,938.99,Concluído
618,2026-05-26,Maria,Livros,848.44,Concluído
619,2026-02-03,Ana,Casa,1210.33,Concluído
620,2025-09-30,Carlos,Eletrônicos,1107.82,Concluído
621,2026-02-06,Ana,Livros,254.04,Concluído
622,2025-08-15,Julia,Casa,1351.41,Concluído
623,2026-05-16,Carlos,Livros,821.69,Concluído
624,2026-02-21,Pedro,Eletrônicos,879.01,Concluído
625,2025-11-23,Carlos,Casa,926.49,Concluído
626,2026-02-16,Pedro,Casa,673.82,Em andamento
627,2025-07-01,Pedro,Casa,1217.92,Concluído
628,2026-01-18,Ana,Livros,1198.66,Concluído
629,2025-08-31,Ana,Eletrônicos,802.51,Cancelado
630,2025-12-19,Ana,Livros,1200.96,Concluído
631,2026-04-13,João,Esportes,805.21,Concluído
632,2025-07-26,João,Eletrônicos,754.29,Concluído
633,2025-09-03,Maria,Roupas,58.41,Concluído
634,2025-12-28,Pedro,Beleza,1325.87,Concluído
635,2026-05-11,Carlos,Eletrônicos,1341.66,Concluído
636,2025-12-02,Carlos,Eletrônicos,168.92,Concluído
637,2026-03-19,Ana,Roupas,1092.36,Concluído
638,2025-10-16,Maria,Roupas,882.29,Concluído
639,2025-08-06,Maria,Beleza,564.63,Concluído
640,2025-11-21,Carlos,Eletrônicos,1014.33,Em andamento
641,2025-09-14,Maria,Livros,1231.01,Concluído
642,2025-06-27,João,Roupas,1217.61,Concluído
643,2025-10-07,Pedro,Livros,304.0,Concluído
644,2026-04-03,Julia,Livros,1471.75,Concluído
645,2025-12-20,Maria,Beleza,1112.82,Concluído
646,2026-04-26,Julia,Livros,1434.28,Concluído
647,2026-06-10,Julia,Eletrônicos,1246.4,Concluído
648,2026-03-30,João,Casa,1334.87,Concluído
649,2025-11-04,Maria,Livros,1034.39,Concluído
650,2026-01-17,Pedro,Beleza,88.84,Concluído
651,2025-12-29,João,Beleza,583.33,Cancelado
652,2026-02-25,Maria,Casa,1496.74,Cancelado
653,2025-07-13,Ana,Esportes,1488.26,Em andamento
654,2025-07-16,João,Casa,967.53,Concluído
655,2025-08-02,Ana,Casa,856.67,Em andamento
656,2025-10-13,Carlos,Beleza,62.05,Concluído
657,2026-05-31,Julia,Roupas,1098.48,Concluído
658,2025-11-21,Carlos,Livros,1017.15,Concluído
659,2026-04-10,Carlos,Livros,585.0,Concluído
660,2026-05-19,Carlos,Livros,1136.85,Concluído
661,2025-08-15,Carlos,Eletrônicos,803.42,Concluído
662,2026-05-21,Julia,Livros,254.18,Cancelado
663,2026-02-09,João,Roupas,730.67,Concluído
664,2025-06-12,Carlos,Eletrônicos,404.74,Concluído
665,2026-01-06,Ana,Esportes,1427.16,Concluído
666,2025-06-22,Julia,Roupas,926.48,Em andamento
667,2025-08-16,Ana,Esportes,213.8,Concluído
668,2026-05-21,Maria,Eletrônicos,1238.87,Concluído
669,2025-12-28,Ana,Esportes,518.79,Concluído
670,2025-09-16,Ana,Roupas,737.03,Cancelado
671,2025-08-27,Ana,Beleza,715.73,Concluído
672,2025-12-19,Ana,Beleza,408.98,Concluído
673,2026-05-04,Julia,Esportes,586.79,Concluído
674,2026-01-06,João,Esportes,506.27,Concluído
675,2025-11-13,Julia,Esportes,1309.84,Concluído
676,2026-04-01,Pedro,Roupas,1319.62,Concluído
677,2025-06-28,Maria,Casa,889.97,Concluído
678,2025-08-26,Maria,Livros,1280.49,Concluído
679,2025-12-24,Julia,Esportes,1046.68,Concluído
680,2026-03-21,Carlos,Eletrônicos,770.89,Cancelado
681,2026-03-25,João,Esportes,752.68,Concluído
682,2026-02-07,Julia,Eletrônicos,1232.63,Concluído
683,2026-02-24,Carlos,Beleza,1242.36,Concluído
684,2025-10-24,João,Beleza,84.65,Em andamento
685,2025-08-03,Maria,Eletrônicos,82.42,Concluído
686,2025-10-06,Carlos,Eletrônicos,155.78,Concluído
687,2025-09-30,Carlos,Livros,983.4,Cancelado
688,2026-06-09,Ana,Eletrônicos,236.28,Cancelado
689,2025-10-14,Ana,Roupas,1372.55,Concluído
690,2025-10-26,Carlos,Roupas,276.51,Concluído
691,2025-10-31,Carlos,Eletrônicos,969.36,Concluído
692,2025-08-18,Ana,Roupas,1468.54,Concluído
693,2026-01-20,Julia,Casa,1315.15,Concluído
694,2025-12-17,Maria,Eletrônicos,184.85,Em andamento
695,2026-02-14,João,Livros,787.35,Cancelado
696,2025-09-03,João,Casa,1196.41,Concluído
697,2026-01-25,João,Casa,826.12,Concluído
698,2025-09-11,Pedro,Casa,428.0,Concluído
699,2026-01-20,Pedro,Casa,618.64,Concluído
700,2026-04-16,João,Casa,1303.27,Concluído
701,2025-08-14,Ana,Livros,340.76,Concluído
702,2025-10-23,Pedro,Esportes,390.2,Concluído
703,2025-08-14,Pedro,Eletrônicos,54.44,Concluído
704,2025-10-09,Ana,Eletrônicos,420.6,Concluído
705,2025-12-22,Ana,Eletrônicos,1196.18,Concluído
706,2026-03-10,Pedro,Livros,311.15,Em andamento
707,2025-11-27,Julia,Roupas,530.07,Concluído
708,2025-11-23,João,Livros,1046.6,Concluído
709,2025-11-03,Maria,Casa,698.12,Concluído
710,2026-01-07,João,Esportes,1388.49,Concluído
711,2026-01-21,Pedro,Roupas,697.93,Cancelado
712,2026-04-27,Ana,Roupas,207.11,Concluído
713,2025-12-03,Maria,Eletrônicos,83.31,Concluído
714,2025-06-29,Maria,Livros,181.68,Concluído
715,2026-02-13,Carlos,Casa,1020.63,Concluído
716,2025-09-06,João,Beleza,236.78,Concluído
717,2026-05-15,João,Livros,316.08,Concluído
718,2025-11-04,João,Casa,1087.95,Concluído
719,2025-08-01,Pedro,Esportes,1450.6,Concluído
720,2026-03-21,Pedro,Eletrônicos,1341.73,Concluído
721,2026-01-04,Ana,Esportes,1308.57,Concluído
722,2025-09-23,Carlos,Livros,315.01,Concluído
723,2026-04-12,Maria,Roupas,1305.89,Concluído
724,2025-07-21,Pedro,Beleza,288.43,Concluído
725,2026-02-04,João,Roupas,808.16,Concluído
726,2026-06-05,Maria,Esportes,868.26,Cancelado
727,2025-07-25,João,Roupas,748.07,Concluído
728,2025-09-30,Carlos,Eletrônicos,1061.99,Concluído
729,2025-11-06,Maria,Livros,1161.38,Cancelado
730,2026-04-10,Pedro,Eletrônicos,202.48,Concluído
731,2025-11-03,Julia,Roupas,154.55,Concluído
732,2025-09-07,Pedro,Eletrônicos,479.58,Concluído
733,2025-11-08,Carlos,Roupas,214.33,Concluído
734,2025-07-14,Carlos,Roupas,896.33,Concluído
735,2025-12-10,Julia,Beleza,1458.69,Concluído
736,2026-04-05,Ana,Livros,213.29,Cancelado
737,2025-07-03,Julia,Roupas,323.38,Concluído
738,2025-10-18,Ana,Casa,338.98,Concluído
739,2025-11-15,Carlos,Esportes,1435.2,Concluído
740,2026-02-28,João,Beleza,1262.63,Concluído
741,2025-09-18,João,Beleza,387.23,Cancelado
742,2025-10-20,Carlos,Casa,1282.98,Concluído
743,2026-01-15,João,Casa,878.24,Concluído
744,2026-04-24,Carlos,Beleza,194.68,Concluído
745,2025-12-02,Julia,Livros,196.17,Cancelado
746,2025-08-25,Julia,Eletrônicos,171.42,Concluído
747,2025-11-08,João,Livros,493.67,Concluído
748,2025-06-29,Carlos,Casa,1468.4,Em andamento
749,2025-07-19,João,Casa,535.86,Cancelado
750,2025-09-11,Ana,Eletrônicos,623.58,Cancelado
751,2025-07-11,Carlos,Esportes,850.31,Concluído
752,2026-03-28,Maria,Roupas,917.9,Concluído
753,2026-01-03,Carlos,Esportes,496.65,Concluído
754,2026-01-11,Carlos,Eletrônicos,1385.94,Concluído
755,2026-04-04,Maria,Casa,962.76,Concluído
756,2025-12-21,João,Beleza,1391.94,Concluído
757,2025-07-16,Pedro,Roupas,819.85,Concluído
758,2025-07-27,Maria,Roupas,907.69,Concluído
759,2025-06-10,João,Beleza,187.27,Cancelado
760,2025-12-17,Maria,Roupas,191.66,Concluído
761,2025-08-09,Pedro,Roupas,738.43,Concluído
762,2025-09-19,Carlos,Casa,986.96,Concluído
763,2026-06-10,Maria,Roupas,1421.53,Cancelado
764,2026-04-29,Maria,Beleza,869.77,Concluído
765,2026-04-21,Maria,Eletrônicos,732.07,Concluído
766,2026-05-28,Pedro,Beleza,678.98,Concluído
767,2026-05-07,João,Eletrônicos,252.41,Concluído
768,2026-02-14,Maria,Beleza,1407.62,Concluído
769,2025-10-25,Maria,Esportes,534.5,Concluído
770,2026-03-12,Ana,Eletrônicos,1180.74,Concluído
771,2026-01-28,Carlos,Casa,479.35,Concluído
772,2025-09-28,João,Beleza,1383.89,Concluído
773,2025-06-16,Pedro,Livros,1334.7,Cancelado
774,2026-01-22,Julia,Esportes,305.27,Cancelado
775,2026-05-28,Maria,Roupas,1138.57,Cancelado
776,2025-08-06,Carlos,Livros,526.87,Concluído
777,2025-12-09,Maria,Esportes,223.77,Concluído
778,2025-10-25,Pedro,Beleza,1228.72,Concluído
779,2025-11-05,João,Livros,1110.16,Cancelado
780,2025-12-12,Pedro,Esportes,304.66,Em andamento
781,2025-09-25,Maria,Livros,1189.07,Concluído
782,2025-07-25,Carlos,Roupas,159.69,Concluído
783,2026-03-20,Pedro,Esportes,311.75,Concluído
784,2026-01-18,João,Beleza,141.31,Concluído
785,2025-11-13,Ana,Roupas,762.82,Concluído
786,2026-02-02,João,Esportes,448.81,Cancelado
787,2026-04-15,Pedro,Casa,1416.53,Concluído
788,2025-11-01,Pedro,Esportes,839.27,Concluído
789,2026-04-29,Pedro,Casa,1471.12,Concluído
790,2026-05-09,João,Esportes,1378.56,Cancelado
791,2026-05-17,Pedro,Livros,669.98,Concluído
792,2025-07-20,Maria,Beleza,1056.02,Concluído
793,2025-07-25,Julia,Esportes,1014.49,Concluído
794,2025-06-15,João,Esportes,311.06,Concluído
795,2025-07-06,Pedro,Eletrônicos,104.34,Concluído
796,2025-11-30,João,Beleza,868.49,Concluído
797,2025-09-10,Ana,Roupas,210.99,Concluído
798,2025-06-10,João,Livros,332.92,Em andamento
799,2026-04-04,Julia,Livros,1295.53,Concluído
800,2026-06-04,Ana,Roupas,1136.52,Concluído
801,2026-03-17,Pedro,Casa,92.62,Concluído
802,2025-07-05,Maria,Livros,431.75,Concluído
803,2025-12-24,João,Roupas,1476.57,Concluído
804,2026-01-22,Carlos,Eletrônicos,273.92,Concluído
805,2026-05-29,Carlos,Eletrônicos,756.55,Em andamento
806,2025-09-22,Maria,Roupas,352.85,Concluído
807,2026-04-10,Pedro,Casa,1038.05,Concluído
808,2026-06-01,Julia,Livros,47.48,Em andamento
809,2026-03-04,Julia,Beleza,1110.41,Cancelado
810,2026-02-14,Julia,Esportes,1077.76,Concluído
811,2025-08-25,Julia,Casa,353.97,Concluído
812,2025-12-07,João,Casa,525.48,Concluído
813,2026-02-01,Julia,Roupas,750.21,Cancelado
814,2025-08-10,João,Eletrônicos,421.73,Concluído
815,2025-11-03,Carlos,Beleza,834.41,Cancelado
816,2025-07-26,Ana,Beleza,205.02,Concluído
817,2025-10-07,Maria,Esportes,725.38,Cancelado
818,2025-07-27,Pedro,Beleza,86.73,Concluído
819,2025-08-21,Ana,Casa,21.09,Cancelado
820,2026-05-22,Ana,Esportes,419.72,Concluído
821,2025-11-14,Ana,Eletrônicos,1410.45,Concluído
822,2025-08-11,Ana,Eletrônicos,409.41,Cancelado
823,2025-11-21,João,Beleza,135.98,Concluído
824,2026-05-26,Pedro,Casa,235.18,Concluído
825,2026-05-24,Ana,Eletrônicos,1033.4,Cancelado
826,2026-02-05,Carlos,Roupas,1361.67,Concluído
827,2025-10-04,Maria,Roupas,733.4,Concluído
828,2025-06-15,Carlos,Beleza,880.4,Concluído
829,2026-05-01,Julia,Roupas,28.31,Concluído
830,2026-01-26,João,Roupas,812.2,Cancelado
831,2025-08-24,Ana,Esportes,375.57,Concluído
832,2025-07-22,Pedro,Casa,214.74,Concluído
833,2026-03-29,Julia,Beleza,67.15,Concluído
834,2025-08-02,Julia,Livros,203.09,Concluído
835,2025-06-20,Maria,Eletrônicos,959.08,Em andamento
836,2025-12-04,Carlos,Beleza,474.69,Concluído
837,2026-02-12,João,Livros,548.53,Em andamento
838,2025-11-02,Pedro,Casa,1320.7,Cancelado
839,2026-04-09,Julia,Casa,256.33,Concluído
840,2025-10-09,Julia,Livros,317.86,Concluído
841,2026-05-13,Ana,Roupas,1438.7,Concluído
842,2026-03-25,Maria,Esportes,340.33,Concluído
843,2026-02-16,Julia,Livros,1296.82,Cancelado
844,2026-02-10,Ana,Livros,829.37,Concluído
845,2026-01-22,Maria,Beleza,681.76,Concluído
846,2026-02-23,Maria,Eletrônicos,1015.19,Concluído
847,2025-10-18,Julia,Roupas,925.96,Concluído
848,2026-02-22,Pedro,Beleza,1295.21,Concluído
849,2026-03-02,João,Casa,412.05,Concluído
850,2025-08-31,João,Eletrônicos,676.53,Concluído
851,2025-11-06,Ana,Livros,508.12,Concluído
852,2025-11-27,Pedro,Eletrônicos,1009.68,Cancelado
853,2026-02-06,Maria,Casa,969.53,Concluído
854,2025-06-25,Carlos,Roupas,1082.66,Cancelado
855,2025-09-14,Carlos,Esportes,555.04,Concluído
856,2026-04-10,Pedro,Casa,670.29,Concluído
857,2026-03-14,João,Beleza,1037.35,Cancelado
858,2025-06-18,João,Casa,135.63,Concluído
859,2026-03-27,Carlos,Livros,82.92,Concluído
860,2025-06-29,Maria,Casa,727.44,Concluído
861,2026-01-15,Maria,Livros,309.15,Concluído
862,2026-04-28,Maria,Eletrônicos,228.19,Concluído
863,2025-07-20,Ana,Roupas,454.75,Concluído
864,2026-05-23,Pedro,Livros,1365.41,Concluído
865,2025-08-17,Maria,Roupas,1353.39,Concluído
866,2025-10-25,Ana,Esportes,850.6,Concluído
867,2026-04-25,Pedro,Esportes,1296.58,Concluído
868,2025-07-13,Ana,Eletrônicos,572.46,Concluído
869,2025-08-25,Ana,Casa,1256.42,Concluído
870,2026-03-19,Carlos,Roupas,1290.89,Cancelado
871,2025-12-20,Carlos,Esportes,242.86,Concluído
872,2026-06-10,Julia,Eletrônicos,972.15,Concluído
873,2026-03-13,João,Esportes,1105.15,Cancelado
874,2026-05-11,Julia,Livros,747.18,Concluído
875,2025-06-19,João,Livros,435.18,Cancelado
876,2026-01-26,João,Eletrônicos,813.65,Em andamento
877,2026-01-12,João,Roupas,290.25,Em andamento
878,2025-07-22,Ana,Roupas,131.55,Concluído
879,2025-07-24,Ana,Eletrônicos,1236.37,Concluído
880,2025-06-25,João,Roupas,1422.3,Concluído
881,2025-09-13,João,Roupas,1024.29,Concluído
882,2026-03-28,Pedro,Eletrônicos,934.45,Concluído
883,2025-10-29,Maria,Casa,395.43,Concluído
884,2025-08-20,Pedro,Casa,1416.06,Concluído
885,2025-06-29,Maria,Roupas,345.16,Concluído
886,2025-12-20,Maria,Livros,545.25,Concluído
887,2026-01-16,Julia,Roupas,158.65,Concluído
888,2026-04-01,João,Casa,1390.63,Concluído
889,2025-08-18,Carlos,Casa,1055.51,Concluído
890,2026-03-12,Julia,Roupas,1315.67,Concluído
891,2026-03-03,Pedro,Roupas,926.55,Concluído
892,2025-11-26,Ana,Eletrônicos,212.28,Cancelado
893,2025-07-04,Ana,Livros,1194.76,Cancelado
894,2026-03-18,João,Roupas,1194.13,Concluído
895,2025-11-15,João,Beleza,581.04,Concluído
896,2026-01-04,Julia,Eletrônicos,1414.17,Concluído
897,2025-08-07,Julia,Esportes,813.93,Concluído
898,2026-05-19,Pedro,Livros,461.32,Concluído
899,2026-04-30,João,Roupas,669.52,Concluído
900,2025-09-04,Julia,Casa,530.4,Cancelado
901,2025-10-12,Ana,Esportes,204.39,Concluído
902,2025-06-24,Carlos,Beleza,1463.1,Concluído
903,2026-01-24,Julia,Beleza,1348.92,Concluído
904,2026-06-08,Julia,Esportes,1119.19,Concluído
905,2025-10-07,João,Beleza,1293.3,Concluído
906,2025-11-06,Maria,Roupas,293.48,Concluído
907,2026-05-17,Carlos,Esportes,1116.86,Concluído
908,2026-02-01,Carlos,Casa,1027.96,Cancelado
909,2025-12-13,Ana,Casa,417.36,Cancelado
910,2025-08-19,Pedro,Roupas,832.06,Concluído
911,2026-03-14,Julia,Livros,787.22,Concluído
912,2026-04-03,Ana,Esportes,802.31,Concluído
913,2026-03-03,Ana,Eletrônicos,472.39,Concluído
914,2025-12-17,Ana,Esportes,634.53,Concluído
915,2025-07-29,João,Esportes,1411.45,Concluído
916,2025-10-12,Maria,Casa,1094.66,Cancelado
917,2026-01-16,Ana,Beleza,45.62,Concluído
918,2026-05-06,Pedro,Casa,1119.85,Concluído
919,2026-05-24,Julia,Esportes,1226.8,Concluído
920,2026-05-31,Maria,Esportes,1361.42,Concluído
921,2025-10-15,João,Casa,1208.78,Cancelado
922,2025-06-14,Pedro,Livros,483.07,Concluído
923,2026-01-21,Julia,Esportes,575.23,Concluído
924,2025-07-01,João,Eletrônicos,985.92,Concluído
925,2026-06-05,Carlos,Roupas,388.67,Concluído
926,2025-11-30,Carlos,Beleza,1431.38,Concluído
927,2026-02-24,João,Esportes,586.83,Cancelado
928,2025-09-08,João,Esportes,1302.73,Cancelado
929,2026-01-08,Carlos,Livros,143.58,Cancelado
930,2026-01-14,Julia,Esportes,686.0,Concluído
931,2026-03-13,João,Esportes,95.52,Cancelado
932,2026-02-03,Ana,Beleza,1479.8,Concluído
933,2025-07-11,Maria,Roupas,413.96,Concluído
934,2026-04-29,João,Roupas,931.06,Concluído
935,2025-07-26,Julia,Esportes,1486.67,Concluído
936,2026-04-23,Ana,Beleza,511.28,Concluído
937,2025-12-16,Pedro,Casa,1142.74,Em andamento
938,2026-05-16,Maria,Roupas,814.15,Concluído
939,2025-10-08,João,Beleza,289.36,Em andamento
940,2025-10-01,João,Beleza,482.65,Concluído
941,2025-09-21,Pedro,Livros,747.86,Concluído
942,2025-12-24,Julia,Beleza,1161.01,Concluído
943,2026-05-21,Ana,Beleza,597.06,Concluído
944,2025-11-16,João,Casa,1342.37,Concluído
945,2025-07-13,Ana,Eletrônicos,445.58,Concluído
946,2025-08-23,Ana,Casa,809.19,Concluído
947,2025-10-03,Carlos,Roupas,993.62,Concluído
948,2025-08-14,Pedro,Roupas,665.34,Concluído
949,2025-08-26,Ana,Eletrônicos,1277.36,Concluído
950,2025-09-13,Ana,Livros,460.46,Cancelado
951,2025-12-18,Pedro,Beleza,448.75,Concluído
952,2025-10-24,João,Esportes,708.6,Cancelado
953,2025-10-10,Pedro,Eletrônicos,1407.9,Concluído
954,2025-10-19,Julia,Roupas,725.09,Em andamento
955,2025-12-19,Pedro,Livros,1241.08,Concluído
956,2026-03-04,Ana,Esportes,359.76,Concluído
957,2026-05-17,Carlos,Casa,1090.25,Em andamento
958,2026-05-02,Maria,Esportes,512.64,Concluído
959,2026-05-07,Julia,Casa,1094.17,Concluído
960,2026-04-03,João,Livros,902.94,Concluído
961,2025-07-19,Pedro,Casa,1237.09,Concluído
962,2025-06-28,Julia,Roupas,478.04,Concluído
963,2026-04-19,João,Casa,343.2,Concluído
964,2026-03-28,Carlos,Livros,1084.78,Concluído
965,2026-02-22,João,Eletrônicos,699.55,Concluído
966,2025-07-15,Julia,Roupas,89.46,Concluído
967,2026-02-18,Maria,Casa,1175.05,Concluído
968,2025-08-10,Pedro,Esportes,468.58,Concluído
969,2025-08-15,Ana,Livros,840.29,Em andamento
970,2025-09-09,Ana,Livros,847.31,Concluído
971,2025-10-16,Pedro,Beleza,642.93,Concluído
972,2025-07-18,Carlos,Eletrônicos,1271.49,Concluído
973,2025-11-24,Ana,Livros,868.29,Concluído
974,2026-05-29,Pedro,Esportes,1044.39,Concluído
975,2026-04-02,Pedro,Livros,491.12,Concluído
976,2025-09-01,João,Casa,51.19,Concluído
977,2026-05-23,João,Eletrônicos,726.2,Concluído
978,2025-06-10,Ana,Beleza,659.62,Cancelado
979,2026-02-07,Julia,Esportes,1312.28,Concluído
980,2025-09-20,João,Casa,790.6,Concluído
981,2025-09-22,Ana,Eletrônicos,1303.84,Concluído
982,2025-08-29,João,Roupas,1242.23,Concluído
983,2025-08-31,Julia,Beleza,1444.2,Concluído
984,2025-09-03,Maria,Esportes,682.67,Cancelado
985,2026-01-02,Ana,Roupas,1288.45,Em andamento
986,2026-01-09,Maria,Eletrônicos,890.97,Concluído
987,2025-10-14,Pedro,Beleza,386.22,Concluído
988,2026-01-18,Maria,Livros,886.65,Em andamento
989,2025-07-21,João,Livros,447.68,Concluído
990,2026-05-17,Pedro,Eletrônicos,468.55,Concluído
991,2025-09-16,Julia,Eletrônicos,1035.93,Cancelado
992,2025-06-17,Julia,Roupas,1435.08,Concluído
993,2025-06-12,Pedro,Eletrônicos,1028.66,Cancelado
994,2025-11-01,Carlos,Roupas,215.55,Concluído
995,2026-01-24,Ana,Livros,574.43,Cancelado
996,2026-03-28,Julia,Beleza,1046.62,Em andamento
997,2026-06-06,Julia,Casa,599.05,Em andamento
998,2025-08-18,João,Livros,1021.13,Concluído
999,2026-03-27,Julia,Eletrônicos,822.86,Concluído
1000,2026-03-22,Carlos,Beleza,329.18,Cancelado
